[
    {
        "id": 1,
        "nama": "Paracetamol",
        "harga": 5000,
        "stok": 20
    },
    {
        "id": 2,
        "nama": "Brufen",
        "harga": 7000,
        "stok": 15
    },
    {
        "id": 3,
        "nama": "Diclofenac",
        "harga": 8000,
        "stok": 20
    },
    {
        "id": 4,
        "nama": "Ketoprofen",
        "harga": 9000,
        "stok": 25
    },
    {
        "id": 5,
        "nama": "Asam Mefenamat",
        "harga": 10000,
        "stok": 10
    }
]