[
    {
        "username": "rifqi",
        "password": "123",
        "saldo": 313000
    },
    {
        "username": "ani",
        "password": "123",
        "saldo": 40000
    },
    {
        "username": "fitriyanti",
        "password": "789",
        "saldo": 30000
    },
    {
        "username": "arini",
        "password": "arini",
        "saldo": 85000
    },
    {
        "username": "ar",
        "password": "ar",
        "saldo": 30000
    },
    {
        "username": "aaa",
        "password": "aaa",
        "saldo": 300000
    }
]